{"cameraMode":{"drawMode":0,"name":"Shaded","section":"Shading Mode"},"sceneLighting":false,"audioPlay":false,"sceneViewState":{"showFog":true,"showMaterialUpdate":false,"showSkybox":false,"showFlares":true,"showImageEffects":true,"showParticleSystems":true,"showVisualEffectGraphs":true,"m_FxEnabled":false},"in2DMode":false,"pivot":{"x":53.79372787475586,"y":1.5862078666687012,"z":1.3441390991210938},"rotation":{"x":-0.12440842390060425,"y":-0.03512020781636238,"z":0.004407169762998819,"w":-0.9916061162948608},"size":16.302947998046876,"orthographic":false}