{"cameraMode":{"drawMode":0,"name":"Shaded","section":"Shading Mode"},"sceneLighting":false,"audioPlay":false,"sceneViewState":{"showFog":true,"showMaterialUpdate":false,"showSkybox":false,"showFlares":true,"showImageEffects":true,"showParticleSystems":true,"showVisualEffectGraphs":true,"m_FxEnabled":false},"in2DMode":false,"pivot":{"x":58.62762451171875,"y":-6.427587509155273,"z":28.191125869750978},"rotation":{"x":-0.14212270081043244,"y":-0.052834220230579379,"z":0.007598212454468012,"w":-0.9884184002876282},"size":29.557170867919923,"orthographic":false}